Status,Subsystem,Supplier,Description,Qty.,Cost,Total Cost,Link
In Stock,Aero,Jamestown Distributors,105 West Systems Resin,1,110.78,110.78,https://www.jamestowndistributors.com/product/product-detail/3760?gclid=Cj0KCQiA9OiPBhCOARIsAI0y71AmOcjs6RAG4GGqK8jUd8RLJlzI3bI07B7b-_YGPV2lbw9vVXTKFDsaAjv3EALw_wcB
In Stock,Aero,Jamestown Distributors,206 West Systems Cure Hardener,1,59.65,59.65,https://www.jamestowndistributors.com/product/product-detail/3813
In Stock,Aero,Amazon,3M 08115 panel bonding,8,44.39,355.12,https://www.amazon.com/3M-08115-Panel-Bonding-Adhesive/dp/B000PEW4MI/ref=sr_1_3?crid=QYVCO0VE7SRG&keywords=3m+panel+bonding+adhesive+08115&qid=1640824880&sprefix=3m+panel%2Caps%2C74&sr=8-3
In Stock,Aero,Lowes,Popsicle sticks,1,23.96,23.96,https://www.lowes.com/pd/Creativity-Street-Jumbo-Craft-Sticks-Natural-6-in-x-0-75-in-500-Per-Pack-2-Packs/5000204007
In Stock,Aero,Composite Envisions,MYCELL MO60 PVC FOAM CORE Plain,1,14.33,14.33,"https://compositeenvisions.com/product/mycell-mo60-pvc-foam-core-plain/?compare=1117,1857,3617"
In Stock,Aero,Composite Envisions,Vacuum bag,1,1020.00,1020.00,"https://compositeenvisions.com/product/airtech-ipplon-km1300-nylon-vacuum-bagging-film/?attribute_pa_width=60&attribute_pa_thickness=0-002&compare=1117,1857,3617"
In Stock,Aero,Composite Envisions,"General Purpose Mold Release: 12 oz, Aerosol Can, Dimethyl Ether, Wet, Liquid",3,14.18,42.54,https://www.grainger.com/product/STONER-General-Purpose-Mold-Release-35HY36
In Stock,Aero,Amazon,1 gallon high performance epoxy resin,1,99.99,99.99,https://www.amazon.com/dp/B01N19LAKD/ref=twister_B09TMBT43X?_encoding=UTF8&th=1
In Stock,Chassis,BSCI,CarbonX Fire Retardant Cloth,2,65.00,130.00,https://www.rollbarpadding.com/product/id-51
In Stock,Chassis,BSCI,IMPAXX 700,1,170.00,170.00,https://www.rollbarpadding.com/product/id-48
In Stock,Chassis,BSCI,"SFI 45.1 Approved Roll Bar Padding - 78000 Series - Low Profile (Sold as a Set of Two Sticks of Roll Bar Padding) 3/4"" thick to fit 1-1/4 to1-3/8 bar diameter",1,56.50,56.50,https://www.rollbarpadding.com/product/id-33
In Stock,Chassis,Fiberglass Supply,Duratec Gray Surfacing Primer (gallon) ,2,119.95,239.90,https://www.fibreglast.com/product/Duratec_Gray_Surfacing_Primer_1041#floatingcart_a
In Stock,Chassis,Grainger,"Series DP420, Epoxy Adhesive, Dual-Cartridge, 1.69 oz, Off-White, 20 min Work Life",1,55.62,55.62,https://www.grainger.com/product/489J98?ef_id=Cj0KCQiA-qGNBhD3ARIsAO_o7ynnMa-hUnqfNP60tc19Y0RxwJilwe0WmtRPU_O18tDqKdrSho83Nm0aAnMEEALw_wcB:G:s&s_kwcid=AL!2966!3!496359970774!!!g!461781425234!&gucid=N:N:PS:Paid:GGL:CSM-2295:4P7A1P:20501231&gclid=Cj0KCQiA-qGNBhD3ARIsAO_o7ynnMa-hUnqfNP60tc19Y0RxwJilwe0WmtRPU_O18tDqKdrSho83Nm0aAnMEEALw_wcB&gclsrc=aw.ds
In Stock,Chassis,Amazon,"3M Scotch-Weld Epoxy Adhesive DP420, Black, 200 ml Duo-Pak",1,92.75,92.75,https://www.amazon.com/3M-Scotch-Weld-021200415302-DP420-Adhesive/dp/B0188T8Q4G
In Stock,Chassis,Amazon,"3M Scotch-Weld Epoxy Adhesive DP420, Black, 200 ml Duo-Pak",1,92.75,92.75,https://www.amazon.com/3M-Scotch-Weld-021200415302-DP420-Adhesive/dp/B0188T8Q4G
In Stock,Chassis,U Bolt Direct,"2.75"" Square U bolt. 4.5"" inside length. No fasteners needed",2,6.25,12.50,https://store.uboltsdirect.com/3/8-u-bolts/square/38-x-2-34-inside-width
Hold Off,Chassis,HMS Motorsport,SFI 16.1 Profi 2x2,1,320.00,320.00,https://www.hmsmotorsport.com/item/sfi-16.1-profi-2x2/sfi-16-1-harnesses
In Stock,Controls,Kaz Technologies,"Splined Insert - 3/4""-20 spline x 0.510"" OD for 3/4"" tube with 0.120"" wall",4,11.00,44.00,https://kaz-technologies.myshopify.com/products/u-joint-stubs-10-00
In Stock,Controls,McMaster Carr,Throttle Tab Grommet,1,13.01,13.01,https://www.mcmaster.com/9311K131/
In Stock,Controls,Ebay,Tilton Engineering 72-509 Tilton Standard Remote Brake Bias Adjuster RED,1,68.78,68.78,https://www.ebay.com/p/712743661
In Stock,Controls,Digi-key,Paddle Shifter Switch,2,5.03,10.06,https://www.digikey.com/en/products/detail/crouzet/3476966/3476966?s=N4IgTCBcDaIJwDYEFoCMBmALABmQOQBEQBdAXyA
In Stock,Controls,Speedway Motors,"Sweet Manufacturing 3/4""-20 spline to 3/4"" round U-joint",1,53.96,53.96,"https://www.speedwaymotors.com/Sweet-Mfg-U-Joint-3-4-Inch-20-Spline-to-3-4-Inch-Round-Weld-On,31998.html"
In Stock,Controls,Mouser,E-Stop Switch,1,39.77,39.77,https://www.mouser.com/ProductDetail/EAO/84-50212B20?qs=%2Fha2pyFaduiDxwhShpKNBC0caFHhjldCbnNdYfzrph60iTl24ZysEQ%3D%3D
In Stock,Controls,Amazon,APIELE 19mm Push Button 12V Green LED Black Shell Start Button ,1,10.49,10.49,https://www.amazon.com/API-ELE-warranty-Momentary-Stainless-Self-reset/dp/B08LV85NPK/ref=sr_1_11?crid=2OLAAAD6M6M5O&keywords=momentary%2Bpush%2Bbutton&qid=1642868070&sprefix=momentary%2Bpush%2Bbutton%2Caps%2C87&sr=8-11&th=1
In Stock,Controls,Summit Racing,Steering wheel quick disconnect,1,104.99,104.99,https://www.summitracing.com/parts/str-q1000
In Stock,Controls,Dime City Cycles,Perch and Lever Assembly,1,64.00,64.00,https://www.dimecitycycles.com/magura-73-2-sport-brake-lever-single-pull-w-6-5-8-2mm-adju.html
In Stock,Controls,O'Reilly's,"30"" Brake Line",1,7.49,7.49,https://www.oreillyauto.com/detail/c/american-grease-stick/brakes/brake-hydraulics/brake-lines---domestic/d3e2edb38fe0/american-grease-stick-steel-polyvinyl-fluoride-pvf-30-inch-brake-line/ags0/pab330
Hold Off,Controls,O'Reilly's,"72"" Brake Line",1,11.39,11.39,https://www.oreillyauto.com/detail/c/american-grease-stick/brakes/brake-hydraulics/brake-lines---domestic/d3e2edb38fe0/american-grease-stick-steel-polyvinyl-fluoride-pvf-72-inch-brake-line/ags0/pa372
In Stock,Controls,Amazon,1.5x3500mm slick,1,12.95,12.95,https://www.amazon.com/Jagwire-Mountain-Brake-Inner-Wire1-5X3500mm/dp/B001GSSCRI/ref=sr_1_1?dchild=1&keywords=ca4433&qid=1602804273&sr=8-1
In Stock,Controls,Tilton,"Rear spherical bearing, 1.1"" stroke, AN3 (3/8) outlet and AN6 (9/16) inlet",1,265.00,265.00,https://tiltonracing.com/product/78-series-master-cylinders/
In Stock,Controls,Tilton,"Rear spherical bearing, 1.1"" stroke, AN3 (3/8) outlet and AN6 (9/16) inlet",1,265.00,265.00,https://tiltonracing.com/product/78-series-master-cylinders/
In Stock,Controls,Digi-key,Switch toggle,3,4.73,14.19,https://www.digikey.com/en/products/detail/M2011SS1W01%2FUC/360-3289-ND/2105194
Hold Off,Controls,Pingel,Electric Speed Shifter Kit - Yamaha YFZ 450R 2009,1,1139.95,1139.95,http://www.pingelonline.com/electric-shifter-kits/77303-electric-speed-shifter-kit-yamaha-yfz-450r-2009.asp
In Stock,Controls,O'Reilly's,Optronics Clearance/Marker Light (brake light),1,5.49,5.49,https://www.oreillyauto.com/detail/c/optronics/lighting---electrical/trailer---utility-lighting/clearance-marker-lights---red/852e9e49938a/optronics-clearance-marker-light/opt0/mc67rk
In Stock,Controls,Amazon,Brake reservoirs ,2,7.56,15.12,https://www.amazon.com/GOOFIT-Plastic-Universal-Reservoir-Kawasaki/dp/B00Z9U229I/ref=sr_1_1?keywords=brake+reservoir&qid=1576599453&sr=8-1
In Stock,Controls,Racetronix,-3AN Union Male fitting,2,1.97,3.94,https://www.racetronix.biz/p/-3an-union-aluminium-black/adf-481503
In Stock,Controls,Racetronix,Male -6AN x -4AN fitting,2,2.44,4.88,https://www.racetronix.biz/p/flare-reducer-male-6an-x-4an-black/adf-6j4j?dfw_tracker=58263-ADF-6J4J&gclid=CjwKCAiAwKyNBhBfEiwA_mrUMvsJ0eMYDhVQ7p6mWErduoECMgZhdPEaKAph6C5aubACT6sEaaLq_BoCWskQAvD_BwE
In Stock,Controls,CMS Magnetics,"N45 Neodymium disc magneet 1/2""x1/4""",25,0.91,22.75,https://www.magnet4sale.com/n45-1-2x1-4-neodymium-rare-earth-disc-magnet/
In Stock,Controls,Amazon,Digital Gear Indicator for Yamaha R6,1,119.99,119.99,https://www.amazon.com/Yamaha-YZF-R6-1998-2013-Healtech-Indicator/dp/B0062ZS5EA
In Stock,Controls,Harris,"Wilwood PS-1 Calipers, 1.120 in Piston Diameter Left side",2,98.11,196.22,https://www.summitracing.com/parts/wil-120-8374
In Stock,Controls,Harris,"Wilwood PS-1 Calipers, 1.120 in Piston Diameter Right side",2,98.11,196.22,https://www.summitracing.com/parts/wil-120-8373
In Stock,Controls,Harris,Wilwood Sintered Metallic Brake Pads (Set of 4 Pads),2,52.43,104.86,https://www.summitracing.com/parts/wil-150-4091k
In Stock,Controls,Amazon,24in Anti Glare Screen Protector,1,28.99,28.99,https://www.amazon.com/dp/B06WGNYG96?tag=getpanacast-20&linkCode=ogi&th=1&psc=1
In Stock,Controls,Speedway Motors,"Brake light pressure switch (transducer) 3/8"" apdpter fitting with 1/8"" male NPT",1,21.99,21.99,"https://www.speedwaymotors.com/Brake-Light-Switch-with-3-8-Inch-IFM-Adapter-Fitting,80727.html "
In Stock,Controls,Amazon,Custom Clutch cable kit,1,29.98,29.98,https://www.amazon.com/Venhill-U01-1-102-BK-Universal-Motorcycle-Clutch/dp/B07GL49R1K/ref=sr_1_17?crid=21P4SYM6AGDP&keywords=70+inch+motorcycle+clutch+cable&qid=1646500155&sprefix=70+inch+motorcycle+clutch+cable%2Caps%2C69&sr=8-17
In Stock,Controls,Kaz Technologies,Kaz FSAE Steeering Rack,1,670.00,670.00,https://www.kaztechnologies.com/fsae/steering-rack/
In Stock,Controls,Kaz Technologies,"Splined U-Joint, scroll down on page",1,103.50,103.50,https://www.kaztechnologies.com/fsae/steering-rack/
In Stock,Controls,Kaz Technologies,"Rack Clevis pair, scroll down on page",1,49.00,49.00,https://www.kaztechnologies.com/fsae/steering-rack/
In Stock,Controls,Kaz Technologies,Steering Angle Sensor,1,130.00,130.00,https://www.kaztechnologies.com/fsae/steering-rack/
In Stock,Controls,Sweet Manufacturing,"Sweet Mfg. U-Joint, 3/4 Inch-20 Spline to 3/4 Inch Round, Weld-On",1,53.96,53.96,"https://www.speedwaymotors.com/Sweet-Mfg-U-Joint-3-4-Inch-20-Spline-to-3-4-Inch-Round-Weld-On,31998.html"
In Stock,Engine,EarthX,Battery,1,258.30,258.30,https://earthxbatteries.com/shop/etx36c
In Stock,Engine,Performance Electronics,26-pin harness,1,127.00,127.00,https://pe-ltd.com/product/pe3-26-pin-connector-harness/
In Stock,Engine,Performance Electronics,34-pin harness,1,143.00,143.00,https://pe-ltd.com/product/pe3-34-pin-connector-harness/
In Stock,Engine,Performance Electronics,1-bar Map Sensor,1,60.00,60.00,https://pe-ltd.com/product/1-bar-map-sensor-compact/
In Stock,Engine,Amazon,Starter Solenoid Relay,1,7.69,7.69,https://www.amazon.com/dp/B08F786S7Y/ref=sspa_dk_detail_4?psc=1&pd_rd_i=B08F786S7Y&pd_rd_w=6YWgX&pf_rd_p=9fd3ea7c-b77c-42ac-b43b-c872d3f37c38&pd_rd_wg=N2MjI&pf_rd_r=5D5ZHTN5604KWQ4JMN3C&pd_rd_r=ac2272c1-caef-49e5-b29d-3ab429e16671&spLa=ZW5jcnlwdGVkUXVhbGlmaWVyPUExMFdJSk9PRUNOSkJJJmVuY3J5cHRlZElkPUEwODg2ODI4MkdCRkVRN09VUVUzRCZlbmNyeXB0ZWRBZElkPUEwNTYwNzQzMVVOQUw0R1NJSjAyTiZ3aWRnZXROYW1lPXNwX2RldGFpbCZhY3Rpb249Y2xpY2tSZWRpcmVjdCZkb05vdExvZ0NsaWNrPXRydWU=
In Stock,Engine,amazon,5 Terminal Bus Bar,3,15.47,46.41,https://www.amazon.com/gp/product/B0763D87ZG/ref=crt_ewc_title_dp_2?ie=UTF8&psc=1&smid=A8FBWALW1QSDH
In Stock,Engine,Amazon,RJ45 Passthrough Bulkhead,1,11.99,11.99,https://www.amazon.com/Installerparts-Shielded-Industrial-Bulkhead-Coupler/dp/B01D0N7AI8
In Stock,Engine,Ebay,Master Switch,1,8.59,8.59,https://www.ebay.com/itm/272782717424?epid=1630685860&_trkparms=ispr%3D1&hash=item3f831df1f0:g:nCEAAOSwVL1WCK82&amdata=enc%3AAQAGAAACkPYe5NmHp%252B2JMhMi7yxGiTJkPrKr5t53CooMSQt2orsSlHY%252FYTip4QFVjNQrCEJt6nSYY6G1tjuRdezD8%252BHZAxaBujWI8jXb2%252FYIRbDtspNYc6V6A9u6fYmLL0dFxJPYcQNCVDEKwRnS3ZawKJkXC9ghBAJCpeBpToV1J5xh26%252B1B3T51x3CqSFuWsizLE18wcRaGmvcjHpKtEC3lUY9%252FYWdpnqAjr5MhVXJAnggRYKcDZzhVxVASK9cqO0rWgdL1tXzc8vR%252BPRN3sHsbh4JXcYmUPWOk%252FuAN3sE3ZSW9Oc4CuR%252FnR7Jjhik0MqG2mBeZn0gZNNRe%252BJ3DOebnRVQYCQWx9eoVMZtQ864mx5Qtiu011HtpXtx%252BtH1IDMMA7DlHip8RX8lYqyd3RKmunbDC1QMkxHYq7tQ5tAm0Y342de457SbNH8nI%252BjT7NVyupxHTYhT6CC4ul1WpzETautSQuIfWRUiGAFIFYcnTVl0mPvuTVbg3FT7qoNFHM9Vw6xI09oTrydZCfNXKnRWJZitLVk%252FaRUVCwNGuVjTOVSOrufwilbNps1lZyi4iqNtBqOhQYCbWDqM3Gcl6qBrw96WlldRVJwpWMxLp39WoAHhnrUlxB%252BbkNVl0H4IqjBg0IIBbQ6Gf00042cgQg7D8BpNjyiV%252FcT4aN%252FjsKMOp0J9y%252FP381lkkVutzBleAt9R3pLvHjihpdnI6xnAXSfV%252FEnZlZ4Su4QDiseD5jeyILz4POkdwHMwcrGk%252BSaG5C460zKV5kYr0LWleSZqFkOQTQNrbHBxfyt%252BOJHOW2DMt8k2QDlI3A7hAClC63D7dRdHNEHshMJ%252Bi%252FtgSeIKS6Hh4NUoU1hExwTY8ogqAR3VrBasYTZv%7Cclp%3A2334524%7Ctkp%3ABFBM6uPc6Z5f
In Stock,Engine,Ebay,OEM Replacement Honeywell GT101 Hall Effect Sensor,4,26.10,104.40,https://www.ebay.com/itm/202121347347?hash=item2f0f5f0113:g:TcEAAOSwv~1aFKnR
In Stock,Engine,Stainless Bros,Stainless Exhaust Hook and Tension Spring for Slip Joint - Black Silicone (2 Pack),2,16.99,33.98,https://www.stainlessbros.com/Stainless-Exhaust-Hook-and-Tension-Spring-for-Slip-Joint--Black-Silicone-2-Pack-_p_394.html
In Stock,Engine,Amazon,P1 Tools Motorcycle Exhaust Spring Hook Tool T-Handle Type with Rubber Coating,1,6.99,6.99,https://smile.amazon.com/P1-Tools-Motorcycle-Exhaust-T-Handle/dp/B08DS7DD7D
In Stock,Engine,Stainless Bros,"1.88"" SS304 Slip Joint Connector - 16GA Wall",1,16.99,16.99,https://www.stainlessbros.com/188-SS304-Slip-Joint-Connector--16GA-Wall_p_92.html
In Stock,Engine,Stainless Bros,"1.625"" SS304 90° Elbow - 1.5D / 2.44"" CLR - 16GA / .065"" - No Leg",3,11.49,34.47,https://www.stainlessbros.com/1625-SS304-90%C2%B0-Elbow--15D-244-CLR--16GA-065--No-Leg_p_924.html
In Stock,Engine,Stainless Bros,"1.88"" SS304 90° Elbow - 1.5D / 2.82"" CLR - 16GA / .065"" - No Leg",8,13.99,111.92,https://www.stainlessbros.com/188-SS304-90%C2%B0-Elbow--15D-282-CLR--16GA-065--No-Leg_p_925.html
In Stock,Engine,Stainless Bros,"1 7/8"" SS304 Straight Tube - 16GA(.065"") Wall - 48"" Length",1,52.99,52.99,https://www.stainlessbros.com/1-78-SS304-Straight-Tube--16GA065-Wall--48-Length_p_104.html
In Stock,Engine,Stainless Bros,SS304 Cast Round Saddle Type O2 Sensor Bung M18x1.5,1,9.99,9.99,https://www.stainlessbros.com/cast-304-round-saddle-type-o2-sensor-bung-m18x15.html
In Stock,Engine,Stainless Bros,"1 3/8"" SS304 Straight Tube - 16GA(.065"") Wall - 48"" Length",1,41.99,41.99,https://www.stainlessbros.com/1-38-SS304-Straight-Tube--16GA065-Wall--48-Length_p_101.html
In Stock,Engine,Burns Stainless,"2 into 1 base collector. IMPORTANT: Outlet Size: 1.625, OD: 1.38, Wall Size: 16g, Material: 304 Steel",2,156.45,312.90,https://burnsstainless.com/products/2-into-1-base?variant=8774761578587
In Stock,Engine,Burns Stainless,"2 into 1 base collector. IMPORTANT: Outlet Size: 1.875, OD: 1.63, Wall Size: 16g, Material: 304 Steel",2,160.65,321.30,https://burnsstainless.com/products/2-into-1-base?variant=8774761840731
In Stock,Engine,Partzilla,R6 OEM Hose Joint (1in to 1/2in splitter),1,24.76,24.76,https://www.partzilla.com/product/yamaha/20S-12581-01-00?ref=afd06fd3abaed3486a2feaf794b915b0a97fe978
In Stock,Engine,Performance Electronics,Map Sensor Connector,1,6.50,6.50,https://pe-ltd.com/product/3-pin-female-metripack-compact-map/
In Stock,Engine,Amazon,GM coolant sensor,2,16.93,33.86,https://www.amazon.com/ACDelco-213-77-Original-Equipment-Temperature/dp/B000C9JS5C
In Stock,Engine,Amazon,GM air temp sensor,1,19.75,19.75,https://www.amazon.com/Genuine-GM-25036751-Charge-Temperature/dp/B000ECMZ20
In Stock,Engine,Amazon,Russel Fuel Filter,1,23.95,23.95,https://www.amazon.com/RUSSELL-650133-Russell-FUEL-FILTER/dp/B0014BDEGG
In Stock,Engine,Amazon,Ignition Coil 4pk,1,74.99,74.99,https://www.amazon.com/dp/B08K35D18T/ref=cm_sw_r_oth_api_glt_fabc_GTQAR351EG84W48QXCRV?_encoding=UTF8
In Stock,Engine,Amazon,Adhesive-backed foam vibration damping for battery,1,24.99,24.99,https://www.amazon.com/Sheets-Adhesive-Neoprene-Insulation-Vibration/dp/B08P1XQMQH/ref=sr_1_3?keywords=Closed+Cell+Foam+Sheet
In Stock,Engine,Revival Cycles,LIFEPO4 Voltage Regulator Rectifier,1,160.00,160.00,https://revivalcycles.com/products/lifepo4-compatible-mosfet-regulator-rectifier
In Stock,Engine,Amazon,LA Choppers Baffle 24 Inch Steel for 1.5 in Exhausts,1,36.29,36.29,https://smile.amazon.com/Choppers-Universal-Exhaust-Baffle-1-5/dp/B00230OM40
In Stock,Engine,K&N ,Universal Clamp on air filter,1,42.79,42.79,https://www.knfilters.com/rc-1090-universal-clamp-on-air-filter
In Stock,Engine,McMaster,Fuel Pump P-clamp,2,1.91,3.82,https://www.mcmaster.com/3177T19/
In Stock,Engine,McMaster,"Fuel Tank Insulators (SOLD IN 25 PACKS, 13.01 PER PACK)",4,13.01,13.01,https://www.mcmaster.com/9311K131/
In Stock,Engine,McMaster,"High-temp Insulators for Overflow Tanks(SOLD IN 25 PACKS, 13.01 PER PACK)",3,13.01,13.01,https://www.mcmaster.com/9311K11/
In Stock,Engine,deatschwerks,DWR1000c AFPR Black (sponsored),1,129.00,129.00,https://deatschwerks.com/products/6-1002-frb?_pos=4&_sid=ac1b7e0a1&_ss=r
In Stock,Engine,Keizer,Oil Pan,1,354.63,354.63,https://madpans.com/
In Stock,Engine,Amazon,Earl's 10 Micron Fuel filter ,1,83.83,83.83,https://www.amazon.com/Earls-Performance-5-6102G-230606ERL-Filter/dp/B004SF956S
In Stock,Engine,Holley,15x8 HydraMat Cross Center Pickup (3/8 NPT pickup),1,254.95,254.95,https://www.holley.com/products/fuel_systems/hydramat/hydramats/parts/16-101
In Stock,Engine,Holley,HydraMat install kit,1,34.40,34.40,https://www.holley.com/products/fuel_systems/hydramat/hydramat_install_kits/parts/16-201
In Stock,Engine,Amazon,Gates submersible fuel line (2x 1 ft lengths needed),2,23.99,47.98,https://www.amazon.com/Gates-27093-Fuel-Line-Hose/dp/B001R5XSGU/ref=asc_df_B001R5XSGU/?tag=hyprod-20&linkCode=df0&hvadid=312684231807&hvpos=&hvnetw=g&hvrand=3702546984736800758&hvpone=&hvptwo=&hvqmt=&hvdev=c&hvdvcmdl=&hvlocint=&hvlocphy=9017773&hvtargid=pla-569462863390&psc=1&tag=&ref=&adgrpid=60983009663&hvpone=&hvptwo=&hvadid=312684231807&hvpos=&hvnetw=g&hvrand=3702546984736800758&hvqmt=&hvdev=c&hvdvcmdl=&hvlocint=&hvlocphy=9017773&hvtargid=pla-569462863390
In Stock,Engine,Summit,ICT Billet AN861-06-31A - ICT Billet Fuel Cell Bulkhead Fittings,2,13.99,27.98,https://www.summitracing.com/parts/icb-an861-06-31a
In Stock,Engine,McMaster,"1-1/2"" OD, 0.083"" Wall Thickness Aluminum Tube (1 foot length)",1,20.18,20.18,https://www.mcmaster.com/9390N35-9390N184/
In Stock,Engine,Racetronix,1/4 Barb weld bung,2,2.41,4.82,https://www.racetronix.biz/p/weld-bung-1-4-barb-aluminum/fit-bungb14?dfw_tracker=58263-FIT-BUNGB14&gclid=CjwKCAiAwKyNBhBfEiwA_mrUMlsz5FqDwJs-QlZMDpZQYE_anpI84J9xTRwgrzswsi4L8GasGtdSyhoC4FEQAvD_BwE
In Stock,Engine,Amazon,10 ft braided 1/4 inch fuel line (for breather hose),1,20.99,20.99,https://www.amazon.com/10FT-Braided-Fuel-Line-Nylon/dp/B08GCT5W8G/ref=sr_1_23?keywords=abrasion+resistant+fuel+line+1%2F4&qid=1638642882&sr=8-23
In Stock,Engine,Summit,"Walbro GSL393BX - Walbro High-Pressure Inline Fuel Pumps (only 1 needed, we have spare)",1,126.99,126.99,https://www.summitracing.com/parts/vpn-gsl393bx
In Stock,Engine,kegworks,Fuel line 5/16 to 3/8 adapter stainless steel,1,2.99,2.99,https://www.kegworks.com/reducing-hose-splice-353e8d/?country=US&currency=USD&keyword=&matchtype=&device=c&adtype=&productgroup=884048402139&productidRHS316x516&utm_term=&utm_campaign=(ROI)+Smart+Shopping+-+Draft+Beer&utm_source=adwords&utm_medium=ppc&hsa_acc=1228391400&hsa_cam=9205648471&hsa_grp=92420092759&hsa_ad=415464424946&hsa_src=u&hsa_tgt=pla-884048402139&hsa_kw=&hsa_mt=&hsa_net=adwords&hsa_ver=3&gclid=CjwKCAiAwKyNBhBfEiwA_mrUMgR1Di5AYBRSlO2udxGIExdWy5mhiDT6w77SQx9JhPQg8XgCXXCu3hoC0d4QAvD_BwE
In Stock,Engine,Amazon,"1"" to 3/4"" Barbed Hose Adapter",2,10.99,21.98,https://www.amazon.com/ICT-Billet-Intercooler-Manufactured-AN627-16-12A/dp/B084KJM4SL
In Stock,Engine,Amazon,"3/4"" x 3/4"" x 3/4"" Barbed Coolant Tee(Pack of 2)",2,5.99,11.98,https://www.amazon.com/KDP-Automotive-Connector-X3-Tee/dp/B092ZYFCC5/ref=psdc_15723221_t1_B000COB8IW?th=1
In Stock,Engine,O'Reilly Auto Parts,"1"" ID Heater Hose(minimum needed: 5ft)",6,3.29,19.74,https://www.oreillyauto.com/detail/c/safety-stripe/gates-safety-stripe-epdm-rubber-heater-hose/gats/28413
In Stock,Engine,AutoZone,"3/4"" ID Heater Hose(minimum needed: 9ft)",9,1.99,17.91,https://www.autozone.com/heating-and-cooling/universal-radiator-heater-hose/p/continental-black-3-4in-heater-hose/4951_0_0
In Stock,Engine,AutoZone,"1/2"" ID Heater Hose(minimum needed: 2ft)",2,1.99,3.98,https://www.autozone.com/heating-and-cooling/universal-radiator-heater-hose/p/continental-black-1-2in-heater-hose/4949_0_0
In Stock,Engine,McKenzie's,"SPAL 7-1/2"" Puller Fan",2,84.34,168.68,https://www.mckenzies.com/products/spal-7-5-puller-fan
In Stock,Engine,Davies Craig,EBP25 - ELECTRIC BOOSTER PUMP - BRUSHLESS 12V KIT (9025),1,200.90,200.90,https://daviescraig.com/product/ebp25-electric-booster-pump-brushless-12v-kit-9025
Canceled,Engine,Mouser,Deutsch Solid Contact Female,100,0.39,39.00,https://www.mouser.com/ProductDetail/TE-Connectivity-DEUTSCH/0462-201-16141?qs=%2Fha2pyFadugqHcSkmzSlil%2Fh5CfxSX6MNPJmWGAGhdwT2rdvb5bFbQ
Canceled,Engine,Mouser,Deutsch Solid Contact Male,100,0.42,42.10,https://www.mouser.com/ProductDetail/TE-Connectivity-DEUTSCH/0460-202-16141?qs=c4YXolTVxwEH%252BoGNbYrMVg%3D%3D
Hold Off,Engine,digikey,deutsch DTO4-6P 6 pin female,6,2.70,16.20,https://www.digikey.com/en/products/detail/te-connectivity-deutsch-connectors/DT04-6P/6566585
In Stock,Engine,Amazon,rocker switch for dyno cart controller,1,9.63,9.63,https://www.amazon.com/Nilight-90014E-Rocker-Toggle-Warranty/dp/B07QKFD7Z7/ref=asc_df_B07QKFD7Z7/?tag=&linkCode=df0&hvadid=362768105905&hvpos=&hvnetw=g&hvrand=9879744958122629589&hvpone=&hvptwo=&hvqmt=&hvdev=c&hvdvcmdl=&hvlocint=&hvlocphy=9017773&hvtargid=pla-784404092761&ref=&adgrpid=75266506039&th=1
In Stock,Engine,Amazon,Iridium spark plugs (4 total in pack),1,33.52,33.52,https://www.amazon.com/NGK-CR9EIX-Iridium-Spark-4-Pack/dp/B004SKYAWM/ref=pd_sbs_4/133-8087239-0536611?pd_rd_w=jdh4K&pf_rd_p=690958f6-2825-419e-9c16-73ffd4055b65&pf_rd_r=WGDW9Q48AAP8QB2NTAJF&pd_rd_r=c949c7e9-7f61-4c85-a820-a26065d23dea&pd_rd_wg=kFBXD&pd_rd_i=B004SKYAWM&psc=1
In Stock,Engine,Ebay,Mercury Maring Throttle body,1,14.99,14.99,https://www.ebay.com/itm/255191366236?_trkparms=amclksrc%3DITM%26aid%3D1110006%26algo%3DHOMESPLICE.SIM%26ao%3D1%26asc%3D20200818143230%26meid%3Dd4eb9aecb7b8426fa58997d330f879ff%26pid%3D101224%26rk%3D2%26rkt%3D5%26sd%3D294441383632%26itm%3D255191366236%26pmt%3D0%26noa%3D1%26pg%3D2047675%26algv%3DDefaultOrganicWeb%26brand%3DMercury&_trksid=p2047675.c101224.m-1
In Stock,Engine,Digikey,ECU Pins,100,0.09,9.00,https://www.digikey.com/en/products/detail/jae-electronics/M23S05K351/1839993
In Stock,Engine,Digikey,Pin ECU Plugs,2,8.84,17.68,https://www.digikey.com/en/products/detail/jae-electronics/MX23A34SF1/1969213?utm_adgroup=Rectangular%20Connectors%20-%20Housings&utm_source=google&utm_medium=cpc&utm_campaign=Shopping_Product_Connectors%2C%20Interconnects&utm_term=&utm_content=Rectangular%20Connectors%20-%20Housings&gclid=Cj0KCQjw5JSLBhCxARIsAHgO2SdvZUUwAwfs6k3m1sUNEjTFnrIR9hmL35h-In2_Tbi_Q5VxQmClxk8aAupPEALw_wcB
In Stock,Engine,Digikey,Ring Terminals,20,0.25,5.00,https://www.digikey.com/en/products/detail/phoenix-contact/3240084/3603842?utm_adgroup=Terminals%20-%20Ring%20Connectors&utm_source=google&utm_medium=cpc&utm_campaign=Shopping_Product_Connectors%2C%20Interconnects&utm_term=&utm_content=Terminals%20-%20Ring%20Connectors&gclid=Cj0KCQjw5JSLBhCxARIsAHgO2SdSAo6yk5-9xPcn0c1FNdd_EzV7ORZL3xBjGb8rWu1TH9ccDzu7BLcaAn_KEALw_wcB
In Stock,Engine,Preformance Electronics,Dual PE Wide Band Lambda Kit,1,466.65,466.65,https://pe-ltd.com/product/dual-wideband/
In Stock,Engine,Graves Motorsports,Smog Blockoff Plates,1,52.84,52.84,https://www.gravesport.com/products/graves-motorsports-smog-block-off-plates-for-yamaha-sportbikes.html
In Stock,Engine,Amazon,Bussmann 15303-5-2-4,2,45.99,91.98,https://www.amazon.com/Cooper-Bussmann-15303-5-2-4-Relays-Included/dp/B015YSWCDA/ref=cm_cr_arp_d_bdcrb_top?ie=UTF8
In Stock,Engine,Waytekwire,"Aptiv 12089040 Weather Pack Male Loose Terminal, 20-18GA ",50,0.14,7.17,https://www.waytekwire.com/item/30034/Aptiv-12089040-Weather-Pack-Male-Loose/
Canceled,Engine,Waytekwire,Fuse Panel for Dyno,1,33.64,33.64,https://www.waytekwire.com/item/46346/Mini-Fuse-Micro-Relay-RTMR/
Canceled,Engine,Lift Kits 4 Less,Fuel Filter,1,23.95,23.95,https://liftkits4less.com/edelbrock-650133-fuel-filter
Canceled,Engine,Waytekwire,Fuse Panel for CR-26,1,33.64,33.64,https://www.waytekwire.com/item/46346/Mini-Fuse-Micro-Relay-RTMR/
In Stock,Engine,Speedway Motors,Fuel cell foam,3,9.99,29.97,"https://www.speedwaymotors.com/Fuel-Cell-Anti-Slosh-Safety-Foam-Tank-Baffle-Inserts-14x4x6-Each,52163.html?sku=6007050&utm_medium=CSEGoogle&utm_source=CSE&utm_campaign=CSEGOOGLE&gclid=CjwKCAiA866PBhAYEiwANkIneMGEGRxMDF2hfFmodV9ynXHVQv0W2aQiH7I-U67qzYcXrVnsa8YU2hoCJpYQAvD_BwE"
In Stock,Engine,McMaster,"6""x24"" 5052 sheet .08 thick",1,18.55,18.55,https://www.mcmaster.com/88895K105-88895K25/
In Stock,Engine,Ebay,16T drive sprocket,1,10.99,10.99,https://www.ebay.com/itm/294683463541?chn=ps&_trkparms=ispr%3D1&amdata=enc%3A1Zro7QaRhR62phaoaw_y4eQ67&norover=1&mkevt=1&mkrid=711-117182-37290-0&mkcid=2&itemid=294683463541&targetid=1262375642056&device=c&mktype=&googleloc=1015640&poi=&campaignid=15275224983&mkgroupid=131097072938&rlsatarget=pla-1262375642056&abcId=9300697&merchantid=6296724&gclid=CjwKCAiA_omPBhBBEiwAcg7smdBxjo-wuc6zCq0k3diPdoMsTe6jxUxPsRUSLD_q6iII7wIv9ZxPsxoCSicQAvD_BwE
In Stock,Engine,Amazon,530 chain master link,2,5.99,11.98,https://www.amazon.com/TCMT-Connecting-Master-Yamaha-YZF600/dp/B010LFSUUU?th=1
In Stock,Engine,Partzilla,circlic,1,5.51,5.51,https://www.partzilla.com/product/yamaha/93440-25084-00?ref=b89aa9034de82763e6a1bab2bea79dab11112878
In Stock,Engine,Partzilla,lock washer,4,4.48,17.92,https://www.partzilla.com/product/yamaha/90215-21290-00?ref=b89aa9034de82763e6a1bab2bea79dab11112878
In Stock,Engine,AutoZone Auto Parts,mobil 1 racing 4t 10w-40 full synthetic,10,11.99,119.90,https://www.autozone.com/motor-oil-and-transmission-fluid/engine-oil/p/mobil-1-4-stroke-motorcycle-engine-oil-racing-4t-full-synthetic-10w-40-1-quart/153231_0_0?cmpid=LIA:US:EN:AD:NL:1000000:GEN:10574827360&gclid=Cj0KCQiA0eOPBhCGARIsAFIwTs7cFURkGWK2LMpeE6kGn-VHOS65qNczb-TM6hi8Tg0ft9LVGkwtICEaAi2fEALw_wcB&gclsrc=aw.ds
Canceled,Engine,Amazon,Brake Light,1,7.98,7.98,https://www.amazon.com/Blazer-CW1531R-4-Inch-Sealed-Marker/dp/B00827JVDU/ref=asc_df_B00827JVDU/?tag=hyprod-20&linkCode=df0&hvadid=309898128610&hvpos=&hvnetw=g&hvrand=5202346655207425477&hvpone=&hvptwo=&hvqmt=&hvdev=c&hvdvcmdl=&hvlocint=&hvlocphy=9017773&hvtargid=pla-568528069360&psc=1
In Stock,Engine,Amazon,"25 ft, 12 GA, Black and Red Silicon wire",1,29.98,29.98,https://www.amazon.com/BNTECHGO-Silicone-Flexible-Strands-Stranded/dp/B01CJJU6NU?ref_=ast_sto_dp&th=1&psc=1
In Stock,Engine,Amazon,"10ft, 8 GA, Red wire",1,16.98,16.98,https://www.amazon.com/BNTECHGO-Silicone-Flexible-Stranded-Impedance/dp/B01LWUCRQ2/ref=sr_1_17?keywords=8%2BAWG%2Bblack&qid=1552499449&s=gateway&sr=8-17&th=1
In Stock,Engine,eBay,Fuel cap,1,17.85,17.85,https://www.ebay.com/itm/164882555288?hash=item2663c42198:g:VZAAAOSwyFVgrFPs
In Stock,Engine,Speedway Motors,Aluminum weld bung AN6,5,6.41,32.05,"https://www.speedwaymotors.com/Earls-997106ERL-6-AN-Male-Weld-Fitting-Lightweight-Aluminum,146430.html"
In Stock,Engine,Amazon,Hose Clamps,1,11.99,11.99,https://www.amazon.com/TICONN-40PCS-Hose-Clamp-Set/dp/B08HJK3G92/ref=sr_1_1_sspa?keywords=radiator%2Bclamps&qid=1645283737&sr=8-1-spons&spLa=ZW5jcnlwdGVkUXVhbGlmaWVyPUE5QkNMN0kxRExJS1YmZW5jcnlwdGVkSWQ9QTAwNTc3MTM5UDFTM0FXSE1PU0MmZW5jcnlwdGVkQWRJZD1BMDYyNDM3NTNGTFgzQTUxRENJTlkmd2lkZ2V0TmFtZT1zcF9hdGYmYWN0aW9uPWNsaWNrUmVkaXJlY3QmZG9Ob3RMb2dDbGljaz10cnVl&th=1 
In Stock,Engine,Amazon,Borescope,1,67.99,67.99,https://www.amazon.com/DEPSTECH-Industrial-Inspection-Waterproof-Semi-Rigid/dp/B0928Q3T42/ref=sr_1_1_sspa?keywords=borescope&qid=1645737505&smid=AIRTAZFQ2QJOC&sprefix=boresc%2Caps%2C82&sr=8-1-spons&psc=1&spLa=ZW5jcnlwdGVkUXVhbGlmaWVyPUEzTDdZN0RQMjcyU05UJmVuY3J5cHRlZElkPUEwMzQxMTI3MjlaS1VLRENZWDIyMiZlbmNyeXB0ZWRBZElkPUEwMDI4ODk0MjJVTEI0WFpYRU9UTiZ3aWRnZXROYW1lPXNwX2F0ZiZhY3Rpb249Y2xpY2tSZWRpcmVjdCZkb05vdExvZ0NsaWNrPXRydWU=
In Stock,Engine,Amazon,Smog Block off plates,1,29.95,29.95,https://www.amazon.com/BlackPath-Yamaha-Induction-Motorcycle-Plates/dp/B08B8YT44T
In Stock,Engine,Partzilla,Valve Cover Gasket,2,25.23,50.46,https://www.partzilla.com/product/yamaha/5SL-11193-00-00?ref=cd6645c667abd73bbe6e133e5e0c1ccde3f1e7b0
In Stock,Engine,Amazon,"M16-1.5 to 1/8"" NPT adapter ",1,9.99,9.99,https://www.amazon.com/G%C2%B7PEH-Adapter-pressure-adapter-Engines/dp/B0894LDF76/ref=sr_1_2_sspa?keywords=M16-1.5+to+1%2F8%22+NPT+adapter&qid=1646258295&sr=8-2-spons&psc=1&spLa=ZW5jcnlwdGVkUXVhbGlmaWVyPUEzTUdNQzZNT0dYNFJQJmVuY3J5cHRlZElkPUEwNDEyOTc4Szg5Q0hETTNHTFNYJmVuY3J5cHRlZEFkSWQ9QTAwOTM0OTM0RE1LTzUyVkIxNDImd2lkZ2V0TmFtZT1zcF9hdGYmYWN0aW9uPWNsaWNrUmVkaXJlY3QmZG9Ob3RMb2dDbGljaz10cnVl
In Stock,Engine,Steel Wool Direct,“Muff Pack” – Repacking Kit For Mufflers Up To 15″ Long,1,32.45,32.45,https://shop.steelwooldirect.com/product/muff-pack-repacking-kit-for-mufflers-up-to-15-long/
In Stock,Engine,Steel Wool Direct,Ceramic Fiber Mat For Muffler Packing: 1/2″ X 24″ X 24″,1,29.93,29.93,https://shop.steelwooldirect.com/product/ceramic-fiber-mat-for-muffler-packing-1-2-x-24-x-24/
In Stock,Engine,Lowes,Ear Muffs,3,13.31,39.93,https://www.lowes.com/pd/Sellstrom-Noise-Cancelling-Lightweight-Safety-Ear-Muffs-with-Soft-EVA-Foam-Headband-27dB-NRR-Telescopic-Height-Adjustment-Universal-Fit-Black-Orange/1003084634
In Stock,Engine,Partzilla,Oil pan gasket,2,9.38,18.76,https://www.partzilla.com/product/yamaha/5SL-13414-00-00?ref=37cbdbcaba33d93d8b4bb637cfa63c66a8180eb9
In Stock,Engine,Digi-Key,4 pin deutsch connector male,10,2.43,24.30,https://www.digikey.com/en/products/detail/te-connectivity-deutsch-connectors/DT06-4S-E003/7219815
In Stock,Engine,Digi-Key,8 pin Deutsch connector female,2,3.84,7.68,https://www.digikey.com/en/products/detail/te-connectivity-deutsch-connectors/DT04-08PA-E004/7219842
In Stock,Engine,Digi-Key,8 pin deutsch connector male,1,4.48,4.48,https://www.digikey.com/en/products/detail/te-connectivity-deutsch-connectors/DT06-08SA-C015/7219744
In Stock,Engine,Custom Connectors,6 pin deutsch connector female,6,3.38,20.28,https://www.customconnectorkits.com/dt04-6p/?gclid=CjwKCAjwxOCRBhA8EiwA0X8hi3cuVm8V-UC8sCebIXMLvJcUA43TUQykEIVNfqvYObJQOesCEBYGkRoCB7MQAvD_BwE
In Stock,Engine,Digi-Key,Ring terminals for bus bars,100,0.07,7.42,https://www.digikey.com/en/products/detail/molex/0192030470/3185526
In Stock,Engine,Amazon,zip ties,1,15.99,15.99,https://www.amazon.com/Assorted-Plastic-Self-Locking-Management-Gardening/dp/B08TBM621K/ref=sr_1_12_sspa?keywords=zip+ties&qid=1647886459&sr=8-12-spons&psc=1&spLa=ZW5jcnlwdGVkUXVhbGlmaWVyPUE5NUc0WDROQ1NYSTEmZW5jcnlwdGVkSWQ9QTA5MDA1MTEzOEhQQ0ozMUozRzFGJmVuY3J5cHRlZEFkSWQ9QTA5NjkwNTEySDNQUVlZU0JQU1AyJndpZGdldE5hbWU9c3BfbXRmJmFjdGlvbj1jbGlja1JlZGlyZWN0JmRvTm90TG9nQ2xpY2s9dHJ1ZQ==
In Stock,Engine,Amazon,Fuel fill hose (5ft),1,40.00,40.00,https://www.amazon.com/Allstar-ALL40162-5-Length-Clear-Fuel/dp/B006K8JEUI/ref=asc_df_B006K8JEUI/?tag=hyprod-20&linkCode=df0&hvadid=312152566480&hvpos=&hvnetw=g&hvrand=16524582332886748168&hvpone=&hvptwo=&hvqmt=&hvdev=c&hvdvcmdl=&hvlocint=&hvlocphy=1015640&hvtargid=pla-568820485320&th=1
In Stock,Engine,Ebay,Coolant fitting,1,17.00,17.00,https://www.ebay.com/itm/283974690512
In Stock,Engine,mscdirect,"3/8"" barbed to 3/'4"" barbed",4,8.18,32.72,https://www.mscdirect.com/product/details/48711840
In Stock,Final Drive,Southwest Speed,11T Front Sprocket 520,1,39.99,39.99,https://www.southwestspeed.com/?sec=view_part&id=33874
In Stock,Final Drive,Southwest Speed,12T Front Sprocket 520,1,39.99,39.99,https://www.southwestspeed.com/?sec=view_part&id=30124
In Stock,Final Drive,JT Sprocket,40T Rear aluminum Sprocket,1,70.00,70.00,http://www.jtsprockets.com/catalogue/part/JTA478BLK/
In Stock,Final Drive,Adept Powersport," 3/8"" Wheel Studs",24,1.45,34.80,http://www.adeptpowersports.com/oem-parts/polaris-stud-7515513-part.html?gclid=CjwKCAiA66_xBRBhEiwAhrMuLSxCI52LwF_mH2HovHY5A01-u1XJ4sp1AmXv_p8M1iJS50-yIBAYIRoCmsMQAvD_BwE
In Stock,Final Drive,Ebay,Lug Nuts,2,25.95,51.90,https://www.ebay.com/itm/Set-of-16-ITP-Black-Tapered-Lug-Nuts-3-8x24-Polaris-Sportsman-RZR-Ranger-/261336347345?hash=item3cd8dc32d1:g:fN4AAOxydB1SgqKD&vxp=mtr
In Stock,Final Drive,RCV Performance,RCV Half Shaft,1,260.00,260.00,https://www.rcvperformance.com/rcv-fsae-axle-shaft-17.html
In Stock,Final Drive,RCV Performance,RCV Half Shaft,1,260.00,260.00,https://www.rcvperformance.com/rcv-fsae-axle-shaft-21.html
In Stock,Final Drive,Motosport.com,DID 520 ERT3 Racing Chain Master Link,2,3.99,7.98,https://www.motosport.com/product/?cc=us&gclid=CjwKCAiAwKyNBhBfEiwA_mrUMk07mGMhaxaVaBGb_6I4T83Np8hQhi0N4-l_1-O6j0xoh1ORu7jn6RoCgG4QAvD_BwE&gclsrc=aw.ds&key=DID-520-ERT3-Racing-Chain-Master-Link&pssource=true&segment=badger&utm_medium=pla&utm_source=google&variant[DID001Q]=DID001Q-X001-Y001
In Stock,Final Drive,Motosport.com,DID 520 ERT3 Racing Chain,1,97.01,97.01,https://www.motosport.com/did-520-ert3-racing-chain?variant[DID001P]=DID001P-X001-Y001
In Stock,Final Drive,RCV Performance,RCV Tripod ,5,105.00,525.00,https://www.rcvperformance.com/rcv-fsae-lightened-tripod-for-tripod-housings.html
In Stock,Final Drive,RCV Performance,RCV Housing Boot,3,12.00,36.00,https://www.rcvperformance.com/rcv-fsae-rear-wheel-hub-housing-boot.html
In Stock,Final Drive,RCV Performance,RCV Triangular Boot,3,12.00,36.00,https://www.rcvperformance.com/rcv-fsae-triangular-tripod-housing-boot.html
In Stock,Final Drive,RCV Performance,RCV Tripod Housing,1,260.00,260.00,https://www.rcvperformance.com/rcv-fsae-drexler-inboard-tripod-housing-short.html
In Stock,Final Drive,RCV Performance,RCV Tripod Housing,1,260.00,260.00,https://www.rcvperformance.com/fsae/tripod-housings.html
In Stock,Final Drive,Autotech,Copper Washer,6,0.40,2.40,https://autotech.com/i-30499429-spare-drexler-fs-copper-washer-dsd-100-900-0012-x3-required.html
In Stock,Final Drive,Autotech,Cap Screw Socket Head,6,4.00,24.00,https://autotech.com/i-30499430-spare-drexler-fs-cap-screw-socket-head-dsd-240-900-0010-x3-required.html
In Stock,Final Drive,Autotech,Drexler O-Ring,4,3.00,12.00,https://autotech.com/i-30499456-spare-drexler-o-ring-fsae-cap-din-iso-3601-1-75-00x2-40x1-60.html
In Stock,Final Drive,Autotech,Disc Spring,2,23.00,46.00,https://autotech.com/i-30499422-spare-drexler-fs-disc-spring-gear-1-00-1-70-dsd-240-080-0102.html
In Stock,Final Drive,Revzilla,38T 520 Rear Sprocket (Red),1,60.91,60.91,https://www.revzilla.com/motorcycle/vortex-520-rear-sprocket-kawasaki?sku_id=1259464
In Stock,Final Drive,Revzilla,39T 520 Rear Sprocket (Black),1,60.91,60.91,https://www.revzilla.com/motorcycle/vortex-520-rear-sprocket-kawasaki?sku_id=1259465
In Stock,Final Drive,Amazon,MIKKUPPA CV Boot Clamp,0,8.49,0.00,https://www.amazon.com/MIKKUPPA-CV-Boot-Clamp-Pack/dp/B07KXDBBVC/ref=dp_prsubs_1?pd_rd_i=B07KXDBBVC&th=1
In Stock,Engine,Summit,"1 3/8"" 1.375"" Diameter 2"" CLR Stainless Steel Mandrel Bends Brushed Finish 145 degree",8,32.80,262.40,https://www.summitracing.com/parts/kok-jb1382016304
In Stock,Engine,Ebay,06-09 R6S Injector Wiring Subharness,1,10.20,10.20,https://www.ebay.com/itm/254602766959
In Stock,Engine,Ebay,07 R6S Coils Wiring Subharness,1,19.88,19.88,https://www.ebay.com/itm/224672882128?epid=1111868754
In Stock,Engine,Low dollar motorsports,150 PSI Pressure & Temperature Combo 150 PSI / 500*F,1,89.99,89.99,https://lowdoller-motorsports.com/collections/combo-pressure-and-temp-sensors/products/150-psi-pressure-temperature-combo-150-psi-500-f-pn-899404
In Stock,Engine,Ebay,Exhaust header,1,92.44,92.44,https://www.ebay.com/itm/275179316881?hash=item4011f72691:g:QvoAAOSwwkZg9iwR#vi-desc-maincntr
Hold Off,Engine,Ebay,Thottle body assembly,1,60.99,60.99,https://www.ebay.com/itm/143773014625?fits=Year%3A2008%7CModel%3AYZF+R6S%7CMake%3AYamaha%7CSubmodel%3A--&hash=item21798a1a61:g:oVAAAOSwrnNfe8qE
In Stock,Engine,Amazon,"LA CHOPPERS LA-1220-24 2"" x 24"" Universal Baffle/Packing Baffle (Stainless Tube)",1,34.67,34.67,https://www.amazon.com/CHOPPERS-1220-24-Universal-Packing-Stainless/dp/B0041CAFXK
In Stock,Engine,Amazon,Deutsch Pin Removal Tool Right Angle,1,10.90,10.90,https://www.amazon.com/JRready-DRK-RT1-Standard-Suitable-Connectors/dp/B07WJ7R1KV/?hvadid=533235061664&hvpos=&hvnetw=g&hvrand=14154582725523248930&hvpone=&hvptwo=&hvqmt=&hvdev=m&hvdvcmdl=&hvlocint=&hvlocphy=1015640&hvtargid=pla-1375127329152&psc=1
In Stock,Engine,Amazon,Removal Tool for Deutsch Contacts,1,5.99,5.99,https://www.amazon.com/Removal-Tool-Deutsch-Contacts-0411-310-1605/dp/B00DBCEQY0
In Stock,Engine,Amazon,"1.625"" Stainless 90° Mandrel Bend Elbow - 1D Tight Radius - 16GA/.065"" Wall - No Leg - SS304 - Stainless Bros",3,10.00,30.00,https://www.amazon.com/1-625-Stainless-Mandrel-Bend-Elbow/dp/B08PNZNL9S
In Stock,Engine,Amazon,Connectors for wheel speed sensors,1,10.99,10.99,https://www.amazon.com/BTF-LIGHTING-Plastics-Waterproof-connctor-Applicable/dp/B01LCV8LGA/ref=sr_1_10?keywords=3%2Bpin%2Bwaterproof%2Bconnector&qid=1650466900&sr=8-10&th=1
In Stock,Engine,McMaster,"1/4""-20 Closed End Rivnuts ",3,8.27,24.81,https://www.mcmaster.com/98280A410/
In Stock,Engine,Speedway Motors,3/8 npt plugs,1,8.45,8.45,"https://www.speedwaymotors.com/Earls-AT593204ERL-3-8-Inch-NPT-Internal-Wrenching-Plug-Aluminum-Pair,146546.html"
In Stock,Engine,Ebay,"Yamaha YZF R6 & YZF R6S, 1999-2009, Exhaust Gasket Kit",3,12.96,38.88,https://www.ebay.com/itm/384441335869?hash=item59827d403d:g:a1oAAOSwZwFhk71P
In Stock,Electrical,DigiKey,Motor Controller board,1,90.00,90.00,https://www.digikey.com/en/products/detail/texas-instruments/DRV8873SEVM/9860010
In Stock,Electrical,Amazon,Arduino compatible GPS board,1,26.98,26.98,https://www.amazon.com/DIYmalls-Receiver-Raspberry-Aircraft-Betaflight/dp/B086ZKFFY4/ref=sr_1_1_sspa?crid=2DEXORCWY988V&keywords=bn880&qid=1650933284&sprefix=bn+880%2Caps%2C85&sr=8-1-spons&psc=1&spLa=ZW5jcnlwdGVkUXVhbGlmaWVyPUFIUVg0VUU0SDcxTDkmZW5jcnlwdGVkSWQ9QTA4NDY0MjAxV0VXTE1ENDdIRExTJmVuY3J5cHRlZEFkSWQ9QTAzNzUzNDBFRjhCNEZQSUQ4QTYmd2lkZ2V0TmFtZT1zcF9hdGYmYWN0aW9uPWNsaWNrUmVkaXJlY3QmZG9Ob3RMb2dDbGljaz10cnVl
In Stock,Engine,McMaster,"1-1/2"" OD, 0.083"" Wall Thickness Aluminum Tube (1 foot length)",2,20.18,40.36,https://www.mcmaster.com/9390N35-9390N184/
In Stock,Engine,Ebay,03-06 R6 Yamaha YZF 06-09 R6S TPS Throttle Bodies Body INJECTORS Complete #0116,1,79.99,79.99,https://www.ebay.com/itm/255497154056?hash=item3b7cd12e08:g:a6IAAOSw4KJiX2VF
In Stock,Engine,Amazon,Ignition Coil 4pk,1,63.99,63.99,https://www.amazon.com/dp/B08K35D18T/ref=cm_sw_r_oth_api_glt_fabc_GTQAR351EG84W48QXCRV?_encoding=UTF8
In Stock,Engine,AutoZone Auto Parts,mobil 1 racing 4t 10w-40 full synthetic,10,11.99,119.90,https://www.autozone.com/motor-oil-and-transmission-fluid/engine-oil/p/mobil-1-4-stroke-motorcycle-engine-oil-racing-4t-full-synthetic-10w-40-1-quart/153231_0_0?cmpid=LIA:US:EN:AD:NL:1000000:GEN:10574827360&gclid=Cj0KCQiA0eOPBhCGARIsAFIwTs7cFURkGWK2LMpeE6kGn-VHOS65qNczb-TM6hi8Tg0ft9LVGkwtICEaAi2fEALw_wcB&gclsrc=aw.ds
In Stock,Engine,AutoZone Auto Parts,Brake clean,4,5.99,23.96,https://www.autozone.com/brake-and-power-steering-fluid-additives/brake-cleaner/p/crc-brakleen-brake-parts-cleaner-19oz/119712_0_0
In Stock,Engine,Oreillys,Synthetic Oil Filter,1,18.99,18.99,https://www.oreillyauto.com/detail/c/xp/filters/engine-oil-filter/80c2d8dbb188/wix-xp-oil-filter/wixx/51358xp
In Stock,Engine,Amazon,Oil filter,1,19.20,19.20,https://www.amazon.com/WIX-Filters-51358-Spin-Filter/dp/B0030GZJG6/ref=sr_1_2?crid=1D97JOH9SUZAZ&keywords=wix+oil+filter+51358&qid=1651761049&sprefix=wix+oil+filter+51358%2Caps%2C89&sr=8-2
In Stock,Engine,Amazon,Tesa Tape for looming,1,14.25,14.25,https://www.amazon.com/Tesa-Adhesive-Wiring-Original-Isoband/dp/B00XPBB6L8/ref=sr_1_4?crid=7JX72J6WIBBN&keywords=tesa+tape&qid=1651760500&sprefix=tessa+tale%2Caps%2C97&sr=8-4
In Stock,Engine,Amazon,Battery charger lead,1,12.95,12.95,https://www.amazon.com/Tecmate-Optimate-Weatherproof-Battery-powersport/dp/B0022ZZULK/ref=sr_1_3?crid=3ACT63ZBLEHKP&keywords=optimate%2Bcharger%2Bcable&qid=1651760114&sprefix=optimate%2Bcharger%2Bcable%2Caps%2C83&sr=8-3&th=1
In Stock,Electrical,Amazon,New ESP boards with Antenna headers,1,18.99,18.99,https://www.amazon.com/ESP32-CAM-MB-Aideepen-ESP32-CAM-Bluetooth-Arduino/dp/B0948ZFTQZ/ref=pd_lpo_1?pd_rd_i=B0948ZFTQZ&th=1
In Stock,Electrical,Amazon,Antenna adapters,1,7.49,7.49,https://www.amazon.com/HiLetgo-Wireless-Antenna-Extension-NRF24L01/dp/B01HXU1PKS/ref=sr_1_3?keywords=ufl+to+sma&qid=1652140976&sr=8-3 
In Stock,Electrical,Amazon,Antennas,1,7.99,7.99,https://www.amazon.com/Bingfu-Rosewill-Gigabyte-Wireless-Security/dp/B09J8Q6TRN/ref=sr_1_3?keywords=sma%2Bantenna&qid=1652141094&sr=8-3&th=1
In Stock,Engine,Amazon,Combustion Gas Tester,1,36.99,7.99,https://www.amazon.com/Block-Tester-BT-500-Combustion-Leak/dp/B06VVBSFTF/ref=pd_lpo_1?pd_rd_i=B06VVBSFTF&psc=1
In Stock,Engine,Amazon,Iridium spark plugs (4 total in pack),1,33.52,33.52,https://www.amazon.com/NGK-CR9EIX-Iridium-Spark-4-Pack/dp/B004SKYAWM/ref=pd_sbs_4/133-8087239-0536611?pd_rd_w=jdh4K&pf_rd_p=690958f6-2825-419e-9c16-73ffd4055b65&pf_rd_r=WGDW9Q48AAP8QB2NTAJF&pd_rd_r=c949c7e9-7f61-4c85-a820-a26065d23dea&pd_rd_wg=kFBXD&pd_rd_i=B004SKYAWM&psc=1
In Stock,Engine,Ebay,R6 Header,1,100.00,100.00,https://www.ebay.com/itm/154910011806?fits=Make%3AYamaha&hash=item24115b319e:g:-3IAAOSwkXRiG9iD
In Stock,Engine,McMaster,fuel resistant o-ring,3,9.43,28.29,https://www.mcmaster.com/3642N13/
In Stock,Engine,McMaster,"safety wire 1/4-20 x 3/4"" hex head bolt",3,13.01,39.03,https://www.mcmaster.com/90124A540/
In Stock,Engine,Amazon,Valve Shim Kit,1,72.07,72.07,https://www.amazon.com/Hot-Cams-HCSHIM01-Shim-Kit/dp/B000UKM6LG/ref=sr_1_4?keywords=Hot+Cams&qid=1652973461&sr=8-4
In Stock,Chassis,Amazon,Oracle 751 vinyl (5 white 1 black),6,13.77,82.62,https://www.amazon.com/Long-Term-Plotters-Including-Detailer-Squeegee/dp/B07XSCNQH1/ref=sr_1_3?crid=SVGFMDYCBXMN&keywords=oracal%2B751&qid=1654110180&sprefix=oracle%2B751%2Caps%2C90&sr=8-3&th=1
In Stock,Chassis,Amazon,ORACAL Clear Transfer Paper Tape,3,15.97,47.91,https://www.amazon.com/ORACAL-Transfer-Yellow-Detailer-Squeegee/dp/B073XTBMP8/ref=sr_1_10?crid=T7F0FBDU47UF&keywords=oracal%2Btransfer%2Btape%2Bfor%2Bvinyl&qid=1654126939&sprefix=oracal%2Bt%2Caps%2C97&sr=8-10&th=1
Ordered,Engine,K&N ,Air filter,1,69.99,69.99,https://www.knfilters.com/rc-2500-universal-clamp-on-air-filter